,Village_st,Samp_count,Ave_DIN_uM,Ave_DIN_uM_ERR,Ave_Sal,aveDIN_BF,aveDIN_BF_ERR,aveDIN_RO,aveDIN_RO_ERR,BFcnt,ROcnt,BF_TF_ratio,SHED_NAME,area_m2,Uniqe_ID,OSDS_cnt,Pig_cnt,pct_ag,ag_area_m2,NatArea,pct_Nat,TotGWQm3pd,netinfiltration,runoff,rainfall,SGD_m3pd,SGD_std,baseflow,baseflow_std,s_len_km,Ave_UnMix_CSP_DIN_mgpL,Ave_UnMix_CSP_DIN_mgpL_ERR,SGD_m3pd_w_pumping,BF_DIN_lOAD_kgNpd,RO_DIN_lOAD_kgNpd,SGD_DIN_lOAD_kgNpd,Total_DIN_lOAD_kgNpd,BF_DIN_lOAD_kgNpd_ERR,RO_DIN_lOAD_kgNpd_ERR,SGD_DIN_lOAD_kgNpd_ERR,Total_DIN_lOAD_kgNpd_ERR,OSDS_ShulerLoad,PIG_ShulerLoad,AG_ShulerLoad,NAT_ShulerLoad,Total_ShulerLoad,Load_per_km2_kgDINpdpkm2,DINpKm_len,predicted_D15N_permil,predicted_D15N_relative
0,Amaluia_Vaipuna,12.0,0.09242236792527686,0.05998014739284519,0.0,0.10813167031834692,0.0683467096823029,0.06100376313913676,0.017814951238746907,8.0,4.0,0.6666666666666666,Leone,948249.28125,WS_0_Leone,20,6,0.0314171428438,29791.2831206,839330,0.885136447342,0.0,6020.2314725514125,2252.659890517291,10611.486713837512,4033.555086609446,2889.7111068246772,1986.676385941966,1023.43935033374,0.390184366034,0.464920569211916,0.28424165785800115,4033.555086609446,0.2148226359939216,0.13742073039415056,1.8752827268140828,2.2275260932021546,0.17516842306674799,0.04241867310306941,1.1543491042287977,1.1683343591204292,0.8148283926175003,0.05654124439559204,0.014458530635236458,0.3040683492331844,1.1898965168815132,1.254835137141332,3.049575073896804,7.8505199565675445,-0.6753880549369073
1,Amanave_Laloafu,12.0,0.05350330045809535,0.03015751711555394,0.0,0.044502745240845666,0.010570149934035503,0.07150441089259472,0.04925409585566812,8.0,4.0,0.6666666666666666,Amanave,498758.65625,WS_1_Amanave,27,20,0.141551140503,70599.8566279,361224,0.724246076682,0.0,1669.8447136014115,1539.483561644949,4394.596636078554,1118.795958112946,801.5254625286776,551.0487554884659,283.87360131224,0.947327794141,,,1118.795958112946,0.024523182380788253,0.11007986515425562,,,0.013911267054136233,0.07662074436412364,,,1.1000183300336253,0.18847081465197346,0.0342640558906291,0.13086245622509357,1.4536156568013214,2.9144670244534154,1.5344378849555487,8.986010943961618,0.4601029324571666
2,Amanave_Puna,13.0,0.16216384955523366,0.10426879832536108,0.0,0.13600838994955083,0.07334789513682928,0.22101363366802004,0.14990476634339614,9.0,4.0,0.6923076923076923,Amanave,279178.5625,WS_4_Amanave,22,2,0.086756227407,24220.4788554,172425,0.617615473251,0.0,1001.4350081774356,853.0502961673864,2434.1202835257864,670.9614554788817,480.68880392516905,330.47355269855376,170.24395139016406,0.48976866044,0.44924271744815075,0.31977661711241573,670.9614554788817,0.04494717582343834,0.18853574565753473,0.3014245475622992,0.5349074690432722,0.03352150117482474,0.1292586814793104,0.215641761669376,0.2536392460851742,0.8963112318792503,0.018847081465197348,0.011754865814717042,0.06246528197077648,0.9893784611299412,3.5438912367418656,2.020093446242763,8.672638118187404,0.14673010668295206
3,Asili_Asili,12.0,0.04591949930282016,0.014532731960858589,0.0,0.05000308454027603,0.013017276076179474,0.03775232882790841,0.015672065426588645,8.0,4.0,0.6666666666666666,Afao - Asili,2013216.9375,WS_5_Afao - Asili,32,49,0.0402300671773,80991.8526382,1839401,0.91366258933,0.0,14040.006582241802,8078.751833972747,26337.34356078082,9406.804410102008,6739.203159476065,4633.202172139795,2386.8011189811064,0.766092902842,,,9406.804410102008,0.2316743999056967,0.3049916957552073,,,0.13372099300167967,0.1302323908021848,,,1.3037254281880004,0.461753495897335,0.03930757791913418,0.6663691583142133,2.471155660318683,1.2274661584098074,3.2256605578140136,8.442832948378882,-0.08307506312556967
4,Fagaalu_Fagaalu,12.0,0.11117352462788038,0.07651120590474673,0.7777777777777778,0.1273828578663532,0.07861225994661117,0.07875485815093475,0.07030547490470543,8.0,4.0,0.6666666666666666,Fagaalu,2477828.21875,WS_9_Fagaalu,124,132,0.0219892796608,54485.6576536,2004555,0.808996759675,110.650498185,17799.770250381862,8945.866086649932,31498.915825036,11925.846067755847,8543.889720183293,5873.924182626014,3025.960942564917,2.15540266057,0.3371215030870695,0.2209219457833503,11815.195569570848,0.7482372492731845,0.7045304146913732,3.9831564896814085,5.435924153645966,0.6014985849452863,0.6328770700056622,2.626079758518413,2.7674227778802174,5.051936034228501,1.2439073767030249,0.026443391081092695,0.726200338123415,7.048487140136034,2.844622999608832,3.270148668310565,9.333482153891374,0.8075741423869225
5,Fagamalo_Matavai,12.0,0.05158651555071811,0.022036283422606086,0.0,0.04766960726172982,0.021921662498377514,0.06333724041768297,0.021734571824136167,9.0,3.0,0.75,Fagamalo,1125981.5,WS_13_Fagamalo,7,41,0.0103438781016,11647.0153807,1048899,0.931541948069,0.0,5417.8339239669185,4773.717750023563,12255.416539046742,3629.948729057835,2600.560283504121,1787.8851949090829,921.0317670743764,2.10745515621,,,3629.948729057835,0.08522778507037726,0.30235410881940306,,,0.05885399236183801,0.10807044086798032,,,0.2851899374161251,0.38636517003654564,0.0056526175126199,0.37998997705591114,1.0571977020212018,0.9389121420034005,0.5016465944273958,8.982030236469408,0.4561222249649557
6,Leone_Leafu,12.0,0.19467867581014134,0.11236701292417751,0.0,0.1881116040405184,0.11171330209608225,0.22751403465825598,0.1548659382949895,10.0,2.0,0.8333333333333334,Leone,3788884.78125,WS_17_Leone,233,701,0.0992996622958,376234.979256,2634103,0.695218554292,0.0,29796.628604897094,9204.737310911243,47198.871619534846,19963.74116528105,14302.381730350606,9832.887439616045,5065.426862832507,1.37204034836,,,19963.74116528105,1.84968022861604,2.0942069235748026,,,1.4541584068615931,1.4408011923390085,,,9.492750773993878,6.60590205355167,0.1825972030677298,0.9542698949402246,17.235519925553504,4.548969134888101,12.561962879703298,10.54418236759939,2.0182743560949383
7,Maloata_Maloata,12.0,0.0720044417379975,0.05738741489098237,0.0,0.05387832359214742,0.015460000962756962,0.1082566780296976,0.09428333193322583,8.0,4.0,0.6666666666666666,Maloata,2801859.10938,WS_18_Maloata,5,5,0.00809526212355,22681.7839237,2718603,0.970285404751,0.0,17248.541561425267,13758.5467631831,35472.40122671824,11556.522846154932,8279.29994948413,5692.018715270339,2932.252065442296,1.42201620659,,,11556.522846154932,0.3066764262338946,1.489454567098451,,,0.18083960114153794,1.3057246346609899,,,0.20370709815437507,0.047117703662993365,0.01100809476366137,0.9848821398381838,1.2467150364192137,0.44495993115624183,0.876723507539229,5.159591491331822,-3.3663165201726297
8,Matuu_Afuelo,12.0,0.06908759513981472,0.043809008205191305,0.0,0.07575467307851819,0.05220270024727411,0.05575343926240778,0.01797099078721521,8.0,4.0,0.6666666666666666,Matuu - Faganeanea,1196699.03125,WS_21_Matuu - Faganeanea,73,55,0.0438982297578,52532.9690247,970601,0.811065250873,0.0,7763.9727826220915,4316.288112880603,14615.939408741768,5201.8617643567995,3726.706935658603,2562.1110182652897,1319.8753730457554,1.92019865188,,,5201.8617643567995,0.19409188257955634,0.24064790714054138,,,0.16699152976287462,0.0812151754837307,,,2.974123633053876,0.5182947402929271,0.025495697480661432,0.3516245622509359,3.8695386330784003,3.233510291252189,2.0151762054878377,9.156062432797986,0.6301544212935344
9,Nua-Seetaga_Saonapule,12.0,0.07042101072755542,0.09301058427327086,0.0,0.08138002008929926,0.11405957714350658,0.04850299200406775,0.020092697012760147,8.0,4.0,0.6666666666666666,Nua - Seetaga,1680939.51562,WS_24_Nua - Seetaga,81,252,0.054537911591,91674.9306927,1387461,0.825408045386,0.0,8827.66219013542,6858.855960814997,19568.39663103115,5914.533667390731,4237.277851265001,2913.128522744689,1500.7025723230213,1.68516903768,0.17461715012081705,0.09574524312838804,5914.533667390731,0.23707045770367347,0.33267503582446223,1.032779013293394,1.6025245068215297,0.35400359474264903,0.14177138726053712,0.5711017115997523,0.6867130669563974,3.300054990100876,2.374732264614866,0.04449237008482656,0.5026425552469508,6.221922180047519,3.701455122109267,3.6921650237612615,10.440072208683217,1.9141641971787653
10,Nuuuli_Amalie,12.0,0.09775603027623965,0.03479275366599093,0.0,0.09725599943083688,0.040597190811461424,0.09875609196704518,0.02431027719228794,8.0,4.0,0.6666666666666666,Nuuuli Pala,553288.53125,WS_25_Nuuuli Pala,6,26,0.0140913340454,7796.57351736,514521,0.929932523339,0.0,3884.919577479517,2042.640170331337,7157.810477653149,2602.8961169112767,1864.7613971901685,1282.0234605682408,660.4363281715181,0.113646073846,,,2602.8961169112767,0.12468447295134436,0.20172316051682238,,,0.0826711291827037,0.053598085379589974,,,0.24444851778525006,0.2450120590475655,0.0037838919725036836,0.18639814032121724,0.6796426091265365,1.2283692336638083,5.980343940851925,9.381104072053528,0.8551960605490763
11,Poloa_Vaitele,12.0,0.14059200603240946,0.09282075041413064,1.074074074074074,0.14588399914625536,0.1104053580554151,0.13000801980471768,0.054083523626723196,8.0,4.0,0.6666666666666666,Poloa,660793.25,WS_33_Poloa,9,25,0.0199644207893,13192.3544977,599426,0.907130936946,0.0,2713.0053101840385,2223.3976992686858,6210.801015384131,1817.713557823306,1302.2425488883384,895.2917523607327,461.21090273128664,0.375508255432,0.2255262148090208,0.1507082004977344,1817.713557823306,0.1306087412370426,0.289059532120287,0.40994205830292835,0.829610331660258,0.11957163771759993,0.12367465343701232,0.2755141343459381,0.32480892024946867,0.3666727766778751,0.23558851831496685,0.006402613169890662,0.2171571066296341,0.8258210147923668,1.2497419045856881,2.1992086800922888,9.041817221018928,0.5159092095144757
12,Alega_Alega,12.0,0.14675905312571016,0.07298784421157672,0.0,0.15475954665215433,0.07392295137866661,0.1307580660728218,0.07918558523169517,8.0,4.0,0.6666666666666666,Alega,963139.187501,WS_35_Alega,11,14,0.00986634977164,9502.66810266,902063,0.936586333218,0.0,6544.431760647637,2522.908929223215,11031.108652850906,4384.769279633917,3141.327245110865,2159.6624810137205,1112.5533993100985,0.956934664587,0.25387716192305143,0.23800918461760961,4384.769279633917,0.3342283864833502,0.3298906924630813,1.1131927804008415,1.777311859347273,0.23480425133350227,0.20248342150299917,1.046658140725596,1.0916161578022785,0.44815561593962516,0.13192957025638144,0.00461190668836243,0.3267949523004468,0.9114920451848159,0.9463762424097913,0.952512307178467,7.885526126331014,-0.6403818851734382
13,Alofau_Fogalilima,13.0,0.13954706977855497,0.05501644586385521,10.894871794871793,0.15778751121598217,0.053919413192247634,0.09850607654434379,0.03332372026461707,9.0,4.0,0.6923076923076923,Fagaitua,694622.28125,WS_40_Fagaitua,46,52,0.048202207098,33482.3270557,526207,0.757544084323,0.0,2809.998513751601,859.3898668650344,5132.651081659397,1882.6990042135726,1348.7992866007685,927.2995095380284,477.69974733777224,0.995143041763,,,1882.6990042135726,0.14631628176180642,0.0846551240068405,,,0.09045077856439797,0.029863084428456414,,,1.8741053030202506,0.490024118095131,0.016249895968364556,0.19063168699432437,2.5710110040780707,3.70130799641416,2.5835592434262074,9.525362625693273,0.9994546141888208
14,Alofau_Nuu,13.0,0.36425323892031847,0.2837650901710606,0.45454545454545453,0.38657940247915623,0.27616016464393084,0.31401937091293347,0.3374295681150563,9.0,4.0,0.6923076923076923,Fagaitua,191931.71875,WS_41_Fagaitua,16,30,0.109670848379,21049.3144262,128417,0.669076486348,0.0,694.2063521288454,217.79977917648486,1320.8278309442994,465.1182559263265,333.2190490218458,229.08809620251898,118.01507986190373,0.168198759151,,,465.1182559263265,0.08856073934505725,0.0683933496419756,,,0.07799901330882589,0.0738096411221812,,,0.6518627140940002,0.2827062219779602,0.010215812331745176,0.04652227991788431,0.9913070283215899,5.164894238314061,5.893664336914915,10.098526862215888,1.5726188507114358
15,Amaua_No name,14.0,0.058646474867952325,0.033794680929521766,0.25,0.0651151278680039,0.03475284323204915,0.047002899467859474,0.032134520308273504,9.0,5.0,0.6428571428571429,Fagaitua,438791.8125,WS_43_Fagaitua,20,11,0.0251880246186,11052.2989757,349892,0.797398652465,0.0,2415.5817474792484,697.0664661253779,4067.7438938089913,1618.4397708110964,1159.4792387900393,797.141976668152,410.64889707147233,0.8651631915,,,1618.4397708110964,0.05190600173970009,0.03276414502970721,,,0.038502622303753585,0.02263824762962253,,,0.8148283926175003,0.10365894805858542,0.005363985253104216,0.12675715493297912,1.0506084808621692,2.3943210673790074,1.214347178872287,8.844121854493773,0.3182138429893211
16,Amouli_Laloi,11.0,0.11727996192173834,0.2197793833132139,3.1818181818181817,0.1448839374554498,0.2563796401848723,0.043669360498507746,0.016803814125053343,8.0,3.0,0.7272727272727273,Amouli,676601.34375,WS_46_Amouli,28,77,0.066056954227,44694.223994,550310,0.813344527148,0.0,2306.5496549338154,825.2286031625488,4313.546294998289,1545.3882688056565,1107.1438343682314,761.1613861281592,392.11344133874877,0.372982201135,0.25028105838608766,0.13871403978530933,1545.3882688056565,0.11028005866129569,0.03603720536518533,0.38678141153412343,0.5330986755606044,0.20324751983755554,0.014327601317462942,0.2161505499399272,0.29704527385394075,1.1407597496645003,0.7256126364100979,0.021691338510644004,0.1993636034295375,2.0874273280147797,3.085165803019852,5.596586972951131,10.166997809032113,1.6410897975276608
17,Amouli_Televai,12.0,0.07517130375888163,0.04905185743606482,0.0,0.08613031312062545,0.05759680034586424,0.05325328503539398,0.010996889833947643,8.0,4.0,0.6666666666666666,Amouli,616551.3125,WS_51_Amouli,30,122,0.0512853766811,31620.0663048,442745,0.718099193082,0.0,1892.2234503028906,741.1232863450049,3831.4334373990096,1267.7897117029365,908.2672561453874,624.4337385999538,321.6779865514914,0.369923112908,,,1267.7897117029365,0.05378267342869681,0.039467249614098456,,,0.04539982255213588,0.00905538355877712,,,1.2222425889262505,1.1496719693770383,0.015346089508982223,0.16039548363724188,2.5476561314495125,4.132107222542833,6.886988248509672,10.88732991229175,2.361421900787299
18,Aoa_Tapua,12.0,0.18092782756156545,0.10043478465309583,7.3,0.21113802447131552,0.09586211154659277,0.12050743374206525,0.09078922605762997,8.0,4.0,0.6666666666666666,Aoa,1051422.3125,WS_58_Aoa,82,62,0.0515698401788,54221.680616,759976,0.722807563588,156.148235925,3552.1169143047864,1347.6474493498686,6662.252980354289,2379.918332584207,1705.0161188662973,1172.1985817205796,603.8598754318137,0.58979545989,0.3699303441504085,0.2825013544257928,2223.770096659207,0.2474956928325611,0.16240153571019253,0.8226400371685276,1.2325372657112812,0.16994873717383527,0.12342496675087261,0.6313764569452328,0.6653965179268304,3.340796409731751,0.5842595254211178,0.0263152757505214,0.27532037193575654,4.2266915828391465,4.019975163727702,7.1663684620892925,9.30942836969278,0.7835203581883281
19,Aoa_Vaitolu,12.0,0.17067719523080885,0.14555143312686308,0.45454545454545453,0.21526327894588831,0.1622424253014853,0.08150502780064994,0.01887795803762116,8.0,4.0,0.6666666666666666,Aoa,944906.59375,WS_60_Aoa,20,47,0.0408000787531,38552.2634393,850711,0.900312269622,0.0,3004.2215436463844,1927.8390905545173,6068.0460675410595,2012.8284342430775,1442.0263409502645,991.3931094033068,510.7176624198854,0.71064283526,,,2012.8284342430775,0.2134105314545156,0.15712857867082564,,,0.19482806163824698,0.03964079700996365,,,0.8148283926175003,0.4429064144321377,0.018710475803890087,0.30819140200458883,1.5846366848581168,1.6770299787720333,2.229863732149431,9.318799119526862,0.7928911080224097
20,Fagaitua_Tialu,13.0,0.1367007403508777,0.17920014653554153,5.743589743589744,0.176677565375642,0.20564767794674543,0.046752884045158094,0.009639923818594765,9.0,4.0,0.6923076923076923,Fagaitua,564200.9375,WS_61_Fagaitua,34,32,0.0830743084581,46870.6027142,397074,0.703781177251,0.0,2839.3790210246857,746.0362749284778,4436.3640080709365,1902.3839440865397,1362.9019300918492,936.9950769381463,482.69443357419664,0.930060308327,,,1902.3839440865397,0.16554600896239405,0.03487934745521281,,,0.21071939752749466,0.007992916255299493,,,1.3852082674497503,0.30155330344315756,0.022747595076448968,0.1438500181137544,1.853359184083111,3.2849275158872118,1.9927301138320248,9.314989169920555,0.7890811584161028
21,Fagaitua_Siapapa,13.0,0.16531789027238952,0.10901160569405352,11.87179487179487,0.14770911173197537,0.0932224038674739,0.2240138187404366,0.15961247757215616,10.0,3.0,0.7692307692307693,Fagaitua,176019.874999,WS_63_Fagaitua,25,0,0.136709797113,24063.641399,116375,0.661146930144,0.0,992.583291918948,286.41457528957807,1697.7499127143014,665.0308055856951,476.43998012109495,327.55248633325283,168.73915962622115,0.179868498459,,,665.0308055856951,0.048382486801884776,0.06416082275353867,,,0.03941600663899121,0.046163388315533745,,,1.0185354907718753,0.0,0.011678748275269941,0.04215976331360947,1.0723740023607549,6.09234611924845,5.9619889616479815,8.70541289666662,0.179504885162169
22,Fagatele_No name,11.0,0.03691136786064012,0.013954029207002321,0.0,0.03691136786064012,0.013954029207002321,,,11.0,0.0,1.0,Fagatele - Larsen,1044349.03125,WS_66_Fagatele - Larsen,0,0,0.0189619786863,19802.9240716,895314,0.85729384833,0.0,5299.908338216619,574.0330416664231,8831.740085792264,3550.938586605135,2543.956002343977,1748.9697516114843,900.9844174968254,5.8025418234,0.024042270726611442,,3550.938586605135,0.06455686587886388,,0.08537262683273164,,0.041250597974315496,,,,0.0,0.0,0.009610904746781631,0.3243499577345731,0.3339608624813547,0.31977897473762296,0.05755423616846423,3.884885855481725,-4.641022156022727
23,Laulii_Vaitele,12.0,0.08075498153254579,0.03499598942269944,0.0,0.08037995839849373,0.040354290498670245,0.08150502780064992,0.026263125508510662,8.0,4.0,0.6666666666666666,Laulii - Aumi,1758528.75,WS_67_Laulii - Aumi,110,167,0.0435749352394,76627.7763979,1461305,0.830981580483,0.0,11073.349203997972,5090.800208877581,19955.49955564457,7419.143966678643,5315.207617919026,3654.205237319331,1882.4693646796554,1.21059476314,0.6625124599551754,0.4740357350780753,7419.143966678643,0.2937248649552857,0.41492581255212163,4.915275320125866,5.623925997633274,0.21128384041707343,0.13999075382823797,3.5345246433382926,3.543600249286659,4.481556159396251,1.5737313023439785,0.03718957146202881,0.5293943968119792,6.621871430014238,3.7655747340009302,5.469932327179948,9.7380056281901,1.2120976166856483
24,Masausi_Panata,12.0,0.06717081023243747,0.021797229677449577,0.0,0.06525402532506022,0.02349460941078611,0.07100438004719196,0.020608713311129654,8.0,4.0,0.6666666666666666,Masausi,301075.8125,WS_70_Masausi,17,16,0.0451329885093,13588.451186,234126,0.777631381465,0.0,1392.212265265622,395.3283849957347,2302.1655206627943,932.7822177279668,668.2618873274985,459.4300475376552,236.6760850951557,0.812127070533,,,932.7822177279668,0.029979659957115774,0.028070046891679766,,,0.01884230467070804,0.008617209265176297,,,0.6926041337248752,0.15077665172157878,0.006594849807672174,0.08481801714768748,0.9347936524018136,3.1048447387377345,1.1510435821186298,9.289303980515436,0.7633959690109844
25,Masausi_Vaipito,12.0,0.06808753344900921,0.031348844156385364,0.0,0.06775417955207402,0.03875342743516585,0.06875424124287954,0.009912725287084293,8.0,4.0,0.6666666666666666,Masausi,501621.8125,WS_73_Masausi,10,36,0.0477111292424,23932.943127,417477,0.832254478567,0.0,2129.9744062855825,624.3737584139134,3710.536378050192,1427.0828522113407,1022.3877150170796,702.8915540742422,362.09564906854905,1.00953887664,,,1427.0828522113407,0.04762384056038255,0.04292834401171359,,,0.03665897322621523,0.007532276388656909,,,0.40741419630875014,0.33924746637355224,0.011615316802310732,0.15124151672503322,0.9095184962096463,1.8131557949538852,0.9009246867607054,9.918609022800142,1.3927010112956903
26,Masefau_Talaloa,12.0,0.0872553825227817,0.04294685196147728,14.138888888888891,0.08850545963628859,0.031556887399368766,0.08475522829576787,0.06653417268367509,8.0,4.0,0.6666666666666666,Masefau,3620054.71875,WS_74_Masefau,84,116,0.0434405701379,157257.240913,3025268,0.835696760143,320.408068521,18638.11635626604,8784.697895085894,33416.567070302466,12487.537958698245,8946.295851007697,6150.578397567791,3168.4797805652265,7.30307734897,,,12167.129890177246,0.5443597681057647,0.7445490756073564,,,0.3410452514326489,0.5892057796938058,,,3.422279248993501,1.0931307249814461,0.07632127243895555,1.095979229561647,5.68771047597555,1.5711669899673528,0.7788101103403655,8.876728258617746,0.35082024711329396
27,Afono_Pago,11.0,0.09773330160144861,0.06195879103602157,0.0,0.09143421173079046,0.05830699046058185,0.10875670887510037,0.07577791077211082,7.0,4.0,0.6363636363636364,Afono,2832005.40625,WS_75_Afono,57,282,0.0404904656703,114669.21768,2393815,0.845272044579,105.450756729,16725.788643048447,10409.184447588332,31262.65405950147,11206.278390842459,8028.378548663254,5519.510252205988,2843.384069318236,4.3441339691,0.2951756854539699,0.11889870446347359,11100.827634113459,0.5046720690504709,1.1320686425935866,3.276694406005811,4.913435117649868,0.41371842727488006,0.7968685856186651,1.3409795351314477,1.6138118209549854,2.3222609189598757,2.657438486592826,0.055652131196673574,0.8672195387030552,5.90257107545243,2.0842372201783044,1.35874517623942,10.431617756170956,1.9057097446665043
28,Amalau_Tiaiu,11.0,0.05800357806672019,0.021020335669944493,0.0,0.059860835492501874,0.022117938652554372,0.05475337757160226,0.021732654434354817,7.0,4.0,0.6363636363636364,Vatia,1125667.6875,WS_76_Vatia,3,0,0.00661804318624,7449.71736923,1038870,0.922892263442,0.0,5950.9207727523435,3413.098905175345,11199.131369226328,3987.1169177440706,2856.4419709211247,1963.8038550082736,1011.6565313678984,3.27794092984,,,3987.1169177440706,0.11755493950419127,0.18687869304428795,,,0.07452495795522465,0.07649359966462899,,,0.12222425889262503,0.0,0.00361555312575257,0.3763567202028741,0.5021965322212517,0.4461321381060356,0.15320487555148363,5.1880987694619245,-3.3378092420425274
29,Aua_Lalomauna,10.0,0.37552316489747295,0.29957305650073923,2.296296296296296,0.27615989261815305,0.18479093321241938,0.6073708002158861,0.4315313514051183,7.0,3.0,0.7,Pago Pago Harbor,1602383.0,WS_77_Pago Pago Harbor,175,257,0.0741111008348,118754.368089,1110290,0.69289926316,1562.15832564,11271.392642917765,5535.717760641876,19946.835711628733,7551.833070754904,5410.268468600527,3719.5595721628624,1916.1367492960198,1.2341114283,0.7885243998778056,0.46883706148975546,5989.674745114904,1.0271931720353193,3.362233326050349,4.723004683854978,9.112431181940648,0.867437561407008,2.412381074268621,2.840401717300241,3.8262138317233814,7.129748435403127,2.421849968277859,0.05763476726169196,0.4022304069556817,10.01146357789836,6.24785933069582,8.112284959300023,9.956841607295404,1.4309335957909521
30,Fagasa_Leele,11.0,0.08409609672682788,0.032579469868493416,0.0,0.08600530540927477,0.037592211209157865,0.08075498153254579,0.026236137673314456,7.0,4.0,0.6363636363636364,Fagasa,1396610.75,WS_82_Fagasa,67,58,0.0594181636108,82984.0460441,1153701,0.8260719746,0.0,10216.8124980588,6579.149772640629,19370.05392714498,6845.264373699396,4904.069999068224,3371.5481243594045,1736.8581246699964,1.92598106286,,,6845.264373699396,0.2899710261375981,0.5312991183894468,,,0.19590333922805014,0.18060318459681274,,,2.729675115268626,0.5465653624907231,0.040274444276448065,0.4179571307813066,3.734472052817104,2.6739533923944836,1.938997285503717,9.075130073566196,0.5492220620617445
31,Fagasa_Agasii,11.0,0.14200876009438393,0.1014508243402894,0.14814814814814814,0.183297021329069,0.10754533150275387,0.06975430293368506,0.015393047090434356,7.0,4.0,0.6363636363636364,Fagasa,1775096.15625,WS_85_Fagasa,50,60,0.0508472768551,90258.8057013,1466108,0.82593159522,466.416808607,12487.892600624218,8088.723946158709,23194.806823001956,8366.888042418226,5994.188448299626,4121.004558205992,2122.941742106117,1.50738321471,,,7900.471233811226,0.7553678604026743,0.5642233004873071,,,0.589782104697806,0.13669764618636746,,,2.0370709815437507,0.5654124439559204,0.04380508560336954,0.531134404057481,3.1774229151605216,1.7900004481295386,2.1079065257946463,8.929862792304162,0.4039547807997099
32,Oa_No name,2.0,0.08400518202766374,0.04808622741579584,0.0,0.08400518202766374,0.04808622741579584,,,2.0,0.0,1.0,Afono,538939.53125,WS_89_Afono,0,0,0.0,0.0,530372,0.984102982332,0.0,2668.294351280903,1735.4184614016044,5218.092500176394,1787.757215358205,1280.7812886148333,880.5371359226981,453.6100397177535,1.19465367053,0.21992311576357557,0.09000155630204852,1787.757215358205,0.07396968238530394,,0.39316913703038997,,0.05696364286901546,,0.1633478157831001,,0.0,0.0,0.0,0.19214056273396934,0.19214056273396934,0.35651599408253526,0.16083369387609003,4.0,-4.525908011504452
33,Vatia_Faatafe,12.0,0.05108648470531534,0.02605909058285978,0.787878787878788,0.04962806140622396,0.029671138659635284,0.054003331303498124,0.020462607947860218,8.0,4.0,0.6666666666666666,Vatia,1558863.9375,WS_90_Vatia,14,16,0.0299364651878,46666.8759975,1376335,0.882908999875,150.064538421,9647.170521504304,5248.7812741872585,17223.023240093098,6463.604249407885,4630.641850322066,3183.566272096421,1640.0189886557318,1.39897318906,0.12389718082186253,0.0737533608875174,6313.5397109868845,0.15799422244238467,0.28345167408953154,0.7822297711981517,1.223675667730068,0.12468836083089008,0.11108111794389472,0.4691658988322111,0.4979988380683194,0.5703798748322502,0.15077665172157878,0.022648720886884896,0.49861188262287165,1.2424171300635853,0.7970016498400043,0.8880921662969052,7.436101213133638,-1.0898067983708142
34,Vatia_Gaoa,12.0,0.18726155160333377,0.16526158700387344,0.0,0.18076115061309786,0.12787249280084664,0.20026235358380554,0.24829523254310015,8.0,4.0,0.6666666666666666,Vatia,1697312.125,WS_91_Vatia,67,102,0.0337026144085,57203.8560797,1446910,0.852471374409,0.0,10488.543797329345,6065.3251467507835,19816.4884963135,7027.3243442106605,5034.501022718085,3461.2194531186833,1783.0524455459886,1.58127712873,0.3245744838342466,0.20869371227015554,7027.3243442106605,0.6256540108701705,1.2146562891393526,2.2808901717580103,4.1212004717675335,0.5475140848839692,1.510881778360564,1.4756339047196272,2.1817494911392563,2.729675115268626,0.9612011547250647,0.027762607680704092,0.5241794469266997,4.242818324601094,2.4997278120552484,2.683159230924124,9.456122539738358,0.9302145282339058
35,Vatia_Lausaa,12.0,0.06325390194344918,0.024952855500979837,0.0,0.06187881711859158,0.024777308661967295,0.06600407159316436,0.02890391671183736,8.0,4.0,0.6666666666666666,Vatia,507508.96875,WS_92_Vatia,19,34,0.028737219821,14584.3967961,441059,0.869066414898,0.0,3518.456717095617,1871.6529433996168,6140.6692177967125,2357.3660004540634,1688.859224205896,1161.0907166415534,598.1376419062549,0.187434862744,,,2357.3660004540634,0.07184692011315712,0.12353671487370513,,,0.04687782101868992,0.055490699294994006,,,0.7740869729866252,0.32040038490835493,0.007078209656805456,0.1597846878396329,1.2613502553914184,2.4853752998654146,6.72953919524662,9.586177071175936,1.0602690596714837
36,0,,,,,,,,,,,,Nua - Seetaga,300983.671875,WS_2_Nua - Seetaga,11,36,0.0211374328952,6362.02216682,259814,0.863216261472,0.0,1282.644332802592,1089.5625693955258,3110.4352566720977,859.3717029777366,615.6692797452441,423.27262982485536,218.04953657644063,0.873844805475,0.2419329293722546,,859.3717029777366,,,0.2079103135210269,,,,,,0.44815561593962516,0.33924746637355224,0.0030876646711941896,0.09412413959666707,0.8846148865810387,2.939079323041894,1.0123249357764212,10.354066803547903,1.8281587920434514
37,0,,,,,,,,,,,,Afao - Asili,753573.40625,WS_6_Afao - Asili,21,224,0.0711424845257,53611.0843931,593900,0.78811167575,0.0,3919.4287644684664,2560.159943397904,8188.772078987261,2626.0172721938725,1881.3258069448639,1293.411492274594,666.3028899596393,1.23233448816,,,2626.0172721938725,,,,,,,,,0.8555698122483752,2.110873124102103,0.026018936577790214,0.21515517449583385,3.2076170474241024,4.256542256959592,2.6028785838927537,11.882020884087462,3.35611287258301
38,0,,,,,,,,,,,,Pago Pago Harbor,1110612.21875,WS_7_Pago Pago Harbor,112,43,0.0730109427101,81086.8450763,698849,0.629246633705,2525.90204229,7932.378275333014,3832.5051092709223,14006.116665640786,5314.6934444731205,3807.541572159847,2617.684830859894,1348.5043068066125,1.76394652881,,,2788.7914021831207,,,,,,,,,4.563038998658001,0.40521225150174295,0.03935368036698192,0.2531755826590992,5.260780513185825,4.736829313031385,2.9823922818878597,9.077174902068766,0.5512668905643139
39,0,,,,,,,,,,,,Pago Pago Harbor,1010308.0,WS_8_Pago Pago Harbor,144,55,0.0609725740101,61601.079303,342018,0.33852844875,0.0,4865.352607521118,2788.5651028965667,9978.449182998602,3259.7862470391497,2335.369251610137,1605.5663604819697,827.1099432785902,2.77104378876,,,3259.7862470391497,,,,,,,,,5.866764426846002,0.5182947402929271,0.029896701282066767,0.12390460089361188,6.538860469314608,6.472145592546638,2.359710263633419,9.260424640264034,0.7345166287595823
40,0,,,,,,,,,,,,Aoloau Sisifo,1603403.60938,WS_10_Aoloau Sisifo,0,0,0.0,0.0,1561218,0.973689962319,0.0,9344.012823296784,6996.162066905435,17659.464785383563,6260.488591608845,4485.126155182456,3083.524231687939,1588.482179960453,4.22356855886,,,6260.488591608845,,,,,,,,,0.0,0.0,0.0,0.5655903876343437,0.5655903876343437,0.3527436163456341,0.1339129174185832,4.0,-4.525908011504452
41,0,,,,,,,,,,,,Aoloau Sasae,3481336.84375,WS_11_Aoloau Sasae,19,146,0.0278833664961,97071.3911105,3290395,0.945152723704,0.0,29494.89747158165,10558.974858553012,46690.75316014219,19761.581305959706,14157.55078635919,9733.316165621945,5014.132570168879,2.76975735061,,,19761.581305959706,,,,,,,,,0.7740869729866252,1.3758369469594063,0.04711142103193564,1.1920281366984664,3.3890634776764337,0.9734948468892852,1.2235958059394771,9.14607022420149,0.6201622126970374
42,0,,,,,,,,,,,,Fagamalo,997093.953125,WS_12_Fagamalo,0,0,0.0,0.0,964222,0.967032241022,0.0,4793.529766805934,3979.887745352204,10406.922763920158,3211.6649437599763,2300.8942880668483,1581.8648230459582,814.9000603570088,3.15418753501,,,3211.6649437599763,,,,,,,,,0.0,0.0,0.0,0.34931360946745565,0.34931360946745565,0.35033168977975354,0.11074598627704874,4.0,-4.525908011504452
43,0,,,,,,,,,,,,Aasu,3131735.3125,WS_14_Aasu,70,391,0.128371637552,402025.990446,2347839,0.749692667394,135.869244246,25626.721071486234,10040.000645212813,41843.14583506872,17169.903117895778,12300.826114313391,8456.817953590458,4356.542582152661,1.06564416351,,,17034.033873649776,,,,,,,,,2.851899374161251,3.6846044264460813,0.19511429150245013,0.8505635792778651,7.582181671387647,2.4210799811606516,7.115115843560378,10.637282796739829,2.111374785235377
44,0,,,,,,,,,,,,Aoloau Sasae,1806194.34375,WS_15_Aoloau Sasae,0,0,0.0140210784403,25324.7925721,1750242,0.969021969345,0.0,13413.997471749937,4907.349587449802,21773.429761549876,8987.378306072458,6438.718786439969,4426.619165677479,2280.3795701974896,2.60350310159,,,8987.378306072458,,,,,,,,,0.0,0.0,0.012290819692204719,0.6340690737833595,0.6463598934755642,0.3578573345178344,0.24826545936543043,3.923938228121703,-4.601969783382749
45,0,,,,,,,,,,,,Fagalii,223001.015625,WS_19_Fagalii,0,0,0.0,0.0,204018,0.914874757087,0.0,585.5848230861386,656.7813693317013,1688.1188025845258,392.34183146771284,281.0807150813465,193.24299161842572,99.54941992464356,1.65122764398,,,392.34183146771284,,,,,,,,,0.0,0.0,0.0,0.07391063881173772,0.07391063881173772,0.33143633272068296,0.044761023158253845,4.0,-4.525908011504452
46,0,,,,,,,,,,,,Matuu - Faganeanea,837427.96875,WS_20_Matuu - Faganeanea,20,6,0.0137899120048,11548.0579994,775948,0.926584767832,0.0,5928.2765007971275,3225.4868620572393,10846.106193470445,3971.945255534076,2845.572720382621,1956.3312452630528,1007.807005135512,0.547349815327,,,3971.945255534076,,,,,,,,,0.8148283926175003,0.05654124439559204,0.005604590768578134,0.28110662963410216,1.1580808574157726,1.382902053229008,2.115796561882289,7.986885729440455,-0.5390222820639972
47,0,,,,,,,,,,,,Nua - Seetaga,559874.25,WS_22_Nua - Seetaga,14,238,0.0779242230099,43627.7659145,456637,0.815606361607,0.0,2286.013899542766,1836.2599433992261,5208.127333767123,1531.6293126936532,1097.2866717805277,754.3845868491127,388.62236292227027,1.11875448485,,,1531.6293126936532,,,,,,,,,0.5703798748322502,2.2428026943584842,0.021173757017049856,0.16542820915348388,2.999784535361268,5.3579612481932655,2.681360902667999,12.39901366004062,3.8731056485361677
48,0,,,,,,,,,,,,Nua - Seetaga,553175.640625,WS_23_Nua - Seetaga,5,5,0.153242279146,84769.8959373,440901,0.797036180953,0.0,1946.6351325246421,1859.8367086110418,5310.903438039451,1304.2455387915104,934.3848636118283,642.3895937331321,330.92797252918916,0.669273050583,,,1304.2455387915104,,,,,,,,,0.20370709815437507,0.047117703662993365,0.04114116644098993,0.15972744837580002,0.4516934166341584,0.8165461084364039,0.6749015461487516,6.933732954339538,-1.5921750571649138
49,0,,,,,,,,,,,,Nuuuli Pala,677529.90625,WS_26_Nuuuli Pala,31,153,0.0507051820556,34354.2772445,493422,0.728266007815,0.0,5117.522391096799,2192.2913973675104,9011.690331544476,3428.7400020348555,2456.410747726464,1688.7823890619434,869.9788064864557,0.547948345866,,,3428.7400020348555,,,,,,,,,1.2629840085571253,1.441801732087597,0.01667307742268894,0.17875449824900375,2.9002133163164157,4.280568709311369,5.292858967815295,11.125767245362216,2.5998592338577637
50,0,,,,,,,,,,,,Matuu - Faganeanea,566166.15625,WS_27_Matuu - Faganeanea,16,1,0.0280842587902,15900.3568504,497833,0.879305473321,0.0,3645.5750251657896,2076.891889243811,6975.111392595026,2442.5352668610794,1749.8760120795791,1203.0397583047106,619.7477542781844,1.08754816086,,,2442.5352668610794,,,,,,,,,0.6518627140940002,0.009423540732598674,0.00771688133411523,0.18035249366018596,0.8493556298209,1.5001879226526091,0.7809820846455714,7.912002623871659,-0.6139053876327925
51,0,,,,,,,,,,,,Nuuuli Pala,816910.78125,WS_28_Nuuuli Pala,38,22,0.0523971555998,42803.8013163,535578,0.655613822577,0.0,5457.047339600772,2568.587183999766,10022.666012519123,3656.2217175325172,2619.3827230083702,1800.825622068255,927.6980477321312,1.09260871698,,,3656.2217175325172,,,,,,,,,1.5481739459732504,0.20731789611717083,0.020773864292147812,0.19402656683975367,1.9702922732223227,2.4118818339102712,1.803291738938587,8.938837433471146,0.4129294219666946
52,0,,,,,,,,,,,,Nuuuli Pala,1040153.125,WS_29_Nuuuli Pala,81,175,0.0662867231488,68948.3422292,557150,0.535642288245,0.0,6655.182720609222,2541.600541441413,11730.826482294737,4458.972422808179,3194.4877058924267,2196.2102978010435,1131.3810625035678,4.08850085773,,,4458.972422808179,,,,,,,,,3.300054990100876,1.649119628204768,0.033462530443354004,0.20184156502837822,5.184478713777376,4.984341813881851,1.268063501558339,10.337690426515186,1.8117824150107342
53,0,,,,,,,,,,,,Nuuuli Pala,274849.1875,WS_30_Nuuuli Pala,44,55,0.00188103157472,516.999999973,24330,0.0885212731437,0.0,972.054526122932,128.8858630401981,1982.946691725485,651.2765325023645,466.58617253900735,320.77799362056754,165.24926944089844,3.24802063913,,,651.2765325023645,,,,,,,,,1.7926224637585007,0.5182947402929271,0.0002509143465814009,0.008814152880086946,2.319982271278096,8.440928250072037,0.7142757171332248,10.097053516078306,1.5711455045738543
54,0,,,,,,,,,,,,Fagalii,1836641.90625,WS_32_Fagalii,22,82,0.0403289379004,74069.8173824,1554165,0.846199248047,0.0,8256.607506479448,7121.881652325341,18303.754963737763,5531.927029341229,3963.171603110135,2724.680477138218,1403.6232761015062,1.25751229797,,,5531.927029341229,,,,,,,,,0.8963112318792503,0.7727303400730913,0.035948123463982955,0.5630352614418549,2.2680249568581794,1.2348759707269037,1.8035807367605456,9.319635936892235,0.7937279253877829
55,0,,,,,,,,,,,,Poloa,650343.21875,WS_34_Poloa,25,21,0.0701903237931,45647.8011007,485264,0.746166002826,0.0,2064.7277424312047,1725.0914396298106,4919.819944993928,1383.3675874289072,991.0693163669783,681.3601550022976,351.0037162133048,3.24232448208,,,1383.3675874289072,,,,,,,,,1.0185354907718753,0.19789435538457215,0.022154135757559108,0.1757990580847724,1.4143830399987791,2.1748255370715035,0.4362250132014644,8.93713814942301,0.4112301379185581
56,0,,,,,,,,,,,,Alega,208122.125,WS_36_Alega,5,0,0.015498196673,3225.51762526,166609,0.800534782162,0.0,1294.9268102362587,463.3099182861567,2228.241095884844,867.6009628582933,621.5648689134042,427.3258473779654,220.137557740164,0.929111239726,,,867.6009628582933,,,,,,,,,0.20370709815437507,0.0,0.0015654325867914345,0.060358290061586765,0.26563082080275324,1.2763218749700602,0.28589775846548715,7.810829471390233,-0.7150785401142192
57,0,,,,,,,,,,,,Alega,189669.09375,WS_37_Alega,2,0,0.010106140376,1916.82248642,166225,0.876394760546,0.0,1120.8637117991523,472.17556328968607,2016.794811514192,750.978686905432,538.0145816635929,369.8850248937202,190.5468310058559,0.480329626505,,,750.978686905432,,,,,,,,,0.08148283926175003,0.0,0.0009302867731484106,0.06021917642796764,0.14263230246286607,0.7520060313614805,0.2969467103261875,6.830305914196799,-1.6956020973076527
58,0,,,,,,,,,,,,Fagaitua,323197.75,WS_39_Fagaitua,12,2,0.0188414164009,6089.50338759,283284,0.87650362665,0.0,1371.5443301471435,418.42498545231393,2484.2104563992652,918.9347011985865,658.3412784706289,452.60962894855743,233.1625361250144,0.0898285708589,,,918.9347011985865,,,,,,,,,0.4888970355705001,0.018847081465197348,0.002955403798031273,0.10262673590146118,0.6133262567351899,1.8976810845223704,6.827741450975372,8.273637967604657,-0.2522700438997951
59,0,,,,,,,,,,,,Fagaitua,199200.15625,WS_42_Fagaitua,1,16,0.120036157034,23911.2212368,109325,0.548819850637,0.0,775.1105754489371,211.33496193081533,1244.9897075496424,519.3240855507879,372.0530762154898,255.7864898981493,131.76879782631931,1.47187004841,,,519.3240855507879,,,,,,,,,0.04074141963087501,0.15077665172157878,0.01160477457042228,0.03960572394638329,0.24272856986925936,1.2185159612256045,0.1649116850577053,10.859738505382042,2.3338304938775902
60,0,,,,,,,,,,,,Fagaitua,403624.3125,WS_44_Fagaitua,3,9,0.0341002191886,13763.6775261,373087,0.924342237189,0.0,2613.7017559724513,769.3903527656547,4381.075495795792,1751.1801765015423,1254.5768428667764,862.5215794709088,444.32929851531685,0.0441872255239,,,1751.1801765015423,,,,,,,,,0.12222425889262503,0.08481186659338806,0.00667989197910803,0.13516012558869703,0.34887614305381814,0.8643585934973085,7.895407301938834,8.106100176243897,-0.41980783526055454
61,0,,,,,,,,,,,,Fagaitua,1018761.3125,WS_45_Fagaitua,39,43,0.0228542240049,23282.9992434,906189,0.889500797568,0.0,6788.146538390226,1854.6592822556745,10820.928846310964,4548.058180721451,3258.3103384273077,2240.0883576687747,1153.9849115263385,0.59942884757,,,4548.058180721451,,,,,,,,,1.5889153656041255,0.40521225150174295,0.011299881125566848,0.32828969931167734,2.3337171975431126,2.2907399102310464,3.893234713350338,9.121228840888723,0.5953208293842707
62,0,,,,,,,,,,,,Amouli,633066.5,WS_47_Amouli,11,13,0.0721715740752,45689.4057993,411134,0.649432563562,0.0,1813.9844911864645,700.9773668353337,3675.011165128539,1215.369609094931,870.7125557695031,598.6148820915333,308.377363501699,2.75347052344,,,1215.369609094931,,,,,,,,,0.44815561593962516,0.12250602952378276,0.022174327664260227,0.14894360584470476,0.7417795789723729,1.1717245802334715,0.269398046086814,8.552755508526465,0.026847497022012945
63,0,,,,,,,,,,,,Auasi,509036.3125,WS_50_Auasi,15,22,0.0162476768187,8270.65749448,444865,0.873935688036,0.0,1421.349192045914,710.2048791544865,3168.702189657313,952.3039586707623,682.2476121820388,469.0452333751516,241.62936264780538,0.714496761475,,,952.3039586707623,,,,,,,,,0.6111212944631252,0.20731789611717083,0.004013977990588768,0.1611635068228475,0.9836166753937324,1.9323114112683903,1.3766565902456493,9.19788821135876,0.6719801998543087
64,0,,,,,,,,,,,,Auasi,320962.1875,WS_52_Auasi,18,110,0.0752247001921,24144.2843277,198531,0.61854949814,0.0,826.6969283736722,397.3812595836493,1771.1733114587698,553.8869420103604,396.81452561936266,272.80998636331185,140.53847782352432,1.59175972601,,,553.8869420103604,,,,,,,,,0.7333455533557502,1.0365894805858542,0.011717886510786823,0.0719228354063519,1.8535757558587431,5.775059580371109,1.1644821297904218,11.54528159013101,3.019373578626558
65,0,,,,,,,,,,,,Auasi,162498.21875,WS_53_Auasi,2,0,0.00834916817641,1356.72495671,113599,0.699078432206,0.0,443.4700878190292,206.15057651044827,955.2278944460097,297.1249588387496,212.865642153134,146.3451289802796,75.38991492923495,0.780225046896,,,297.1249588387496,,,,,,,,,0.08148283926175003,0.0,0.0006584560077782348,0.04115408767057119,0.12329538294009945,0.7587491351507473,0.1580254100154953,7.283013220975934,-1.242894790528518
66,0,,,,,,,,,,,,Tula,371082.25,WS_54_Tula,4,41,0.0323333101198,11998.3174692,267923,0.722004353482,0.0,560.2892209821508,219.89441345429748,1028.4007562914053,375.39377805804105,268.9388260714324,184.89544292410977,95.24916756696564,3.01036202667,,,375.39377805804105,,,,,,,,,0.16296567852350005,0.38636517003654564,0.005823114096746132,0.09706182828160849,0.6522157909384003,1.757604388079463,0.21665692868836373,11.137496057705293,2.6115880462008416
67,0,,,,,,,,,,,,Tula,1271853.71875,WS_55_Tula,68,282,0.0760063996017,96669.0219822,791844,0.62259046644,69.6245380964,3769.909759970968,1691.7026339631311,7934.890416267852,2525.8395391805484,1809.5566847860644,1244.0702207904194,640.8846591950645,1.01645393138,,,2456.2150010841483,,,,,,,,,2.7704165348995007,2.657438486592826,0.04691614020617706,0.286865354425794,5.761636516124298,4.5301094231079775,5.668369552471451,10.983919042270413,2.4580110307659613
68,0,,,,,,,,,,,,Onenoa,889393.53125,WS_56_Onenoa,20,33,0.0869534017608,77335.7930462,714502,0.803358665085,0.0,2780.158741479672,1115.6027899539065,5582.377209515406,1862.70635679138,1334.4761959102425,917.4523846882917,472.6269860515442,1.46245598735,,,1862.70635679138,,,,,,,,,0.8148283926175003,0.3109768441757562,0.037533191451750714,0.25884627460451637,1.4221847028495236,1.5990499738071078,0.9724632502797921,8.945755375476205,0.41984736397175304
69,0,,,,,,,,,,,,Aoa,203218.40625,WS_57_Aoa,4,0,0.0413913338132,8411.48089009,178381,0.877779740978,0.0,552.6135320161073,226.37315413613044,1119.165753424588,370.251066450792,265.2544953677315,182.36246556531543,93.94430044273822,1.09090664142,,,370.251066450792,,,,,,,,,0.16296567852350005,0.0,0.004082323465046608,0.06462299239222316,0.23167099438076982,1.1400098970157622,0.2123655550205568,7.446694312732635,-1.0792136987718166
70,0,,,,,,,,,,,,Alao,1344388.75,WS_59_Alao,80,142,0.0524300494098,70486.3685885,1039101,0.772917059891,42.585882525,4036.568011892906,1979.7595017558149,8704.607838379958,2704.500567968247,1937.5526457085946,1332.067443924659,686.2165620217942,1.12825295712,,,2661.914685443247,,,,,,,,,3.259313570470001,1.3381427840290117,0.03420897701780059,0.37644040574809806,5.008105737264911,3.725191643611203,4.438814634307449,9.898669344130564,1.372761332626112
71,0,,,,,,,,,,,,Tafuna Plain,14200838.25,WS_64_Tafuna Plain,1718,2166,0.194371552378,2760238.97572,2216796,0.156103179332,10774.9392953,86588.9479963537,9275.919944332692,134769.49823356338,86588.9479963537,41562.695038249774,0.0,14720.121159380133,11.1812690587,,,75814.0087010537,,,,,,,,,69.99375892584327,20.411389226808726,1.3396200368229576,0.8030899649800748,92.54785815445503,6.517070085947569,8.27704419494715,9.929085963656064,1.4031779521516121
72,0,,,,,,,,,,,,Fagatele - Larsen,2125458.15625,WS_65_Fagatele - Larsen,30,55,0.198005991145,420853.448865,1259291,0.592479789027,0.0,11058.26227313028,1218.2605490067515,18742.534674712464,11058.26227313028,5307.965891102534,0.0,1879.904586432148,3.41599202936,1.714494074561457,,11058.26227313028,,,18.959325142228373,,,,,,1.2222425889262505,0.5182947402929271,0.2042517758878246,0.45620975727569135,2.4009988623826937,1.1296382642596159,0.7028701594577581,8.363664393248378,-0.16224361825607403
73,0,,,,,,,,,,,,Laulii - Aumi,624484.0,WS_68_Laulii - Aumi,26,25,0.00835280083242,5216.19047503,563698,0.902662037778,0.0,3391.9995028148205,1537.3819722830478,6140.55786217306,2272.6396668859297,1628.1597613511135,1119.3598359288908,576.6399154785196,0.814904926412,,,2272.6396668859297,,,,,,,,,1.0592769104027504,0.23558851831496685,0.0025315609763145687,0.20421374230165437,1.5016107319956862,2.4045623778922858,1.8426821133690154,9.089297331473865,0.5633893199694135
74,0,,,,,,,,,,,,Laulii - Aumi,251413.6875,WS_69_Laulii - Aumi,27,7,0.0199434425942,5014.05444404,187769,0.7468527345,0.0,1288.2740757142938,625.5289363921393,2449.18631730297,863.1436307285768,618.371556342861,425.1304449857169,219.00659287142997,0.968516385095,,,863.1436307285768,,,,,,,,,1.1000183300336253,0.06596478512819072,0.0024334587903589353,0.0680240309141408,1.236440604866316,4.917952626848592,1.2766336469826844,8.973959640344823,0.4480516288403713
75,0,,,,,,,,,,,,Sailele,660281.1875,WS_71_Sailele,16,0,0.0299973915907,19806.7133414,561771,0.850805703138,0.0,1983.3224599140685,739.5644999453588,3676.7161104363568,1328.8260481424265,951.9947807587532,654.4964117716428,337.1648181853917,2.37842557382,,,1328.8260481424265,,,,,,,,,0.6518627140940002,0.0,0.009612743783833737,0.2035156382079459,0.8649910960857798,1.3100344405704878,0.36368222138501216,7.723578901458725,-0.8023291100457266
76,0,,,,,,,,,,,,Masausi,762849.0,WS_72_Masausi,3,0,0.024103091384,18387.0191592,663065,0.869195607519,0.0,3175.6819802473738,964.1422449273348,5473.6234357083285,2127.7069267657407,1524.3273505187396,1047.9750534816335,539.8659366420536,1.06958863958,,,2127.7069267657407,,,,,,,,,0.12222425889262503,0.0,0.008923727075727871,0.24021193092621665,0.37135991689456954,0.4868065854377073,0.3471988231292294,5.54951129613587,-2.9763967153685815
77,0,,,,,,,,,,,,Pago Pago Harbor,1213046.78125,WS_78_Pago Pago Harbor,123,46,0.0667765895108,81003.1269689,893872,0.736881721148,0.0,8676.70267907339,4349.649106194112,15682.982910900195,5813.390794979172,4164.817285955228,2863.3118840942193,1475.0394554424765,2.31357637958,,,5813.390794979172,,,,,,,,,5.011194614597627,0.433482873699539,0.03931304966250146,0.32382755705832633,5.807818095017994,4.7877939950784505,2.510320448582868,9.033482304896973,0.5075742933925209
78,0,,,,,,,,,,,,Pago Pago Harbor,1016552.21875,WS_79_Pago Pago Harbor,90,37,0.0444045108218,45139.5039984,782750,0.770004713543,0.0,6053.8499286412825,3070.5050959956293,11145.916687051133,4056.07945218966,2905.847965747816,1997.770476451624,1029.1544878690183,1.79808155607,,,4056.07945218966,,,,,,,,,3.666727766778751,0.34867100710615095,0.021907445167037857,0.283570824779616,4.3208770438315565,4.250521482452429,2.4030484208266594,9.029700892626078,0.5037928811216261
79,0,,,,,,,,,,,,Fagatuitui - Vaaogeoge,1852110.875,WS_80_Fagatuitui - Vaaogeoge,0,0,0.0,0.0,1779055,0.960555344723,0.0,9895.596472331485,5800.3022558155135,18655.48583074515,6630.049636462093,4749.8863067191105,3265.546835869389,1682.251400296352,6.15280109786,,,6630.049636462093,,,,,,,,,0.0,0.0,0.0,0.6445073058809323,0.6445073058809323,0.3479852716058008,0.10475022605640506,4.0,-4.525908011504452
80,0,,,,,,,,,,,,Fagasa,321120.625,WS_83_Fagasa,9,0,0.0475891001722,15281.8415905,256896,0.799998442953,0.0,2539.130142286899,1588.8848204322214,4548.277066590641,1701.2171953322222,1218.7824682977114,837.9129469546766,431.6521241887728,0.298606532074,,,1701.2171953322222,,,,,,,,,0.3666727766778751,0.0,0.007416698834508772,0.09306702089119671,0.46715649640358065,1.4547695166063552,1.564455047781108,7.861012534208901,-0.6648954772955511
81,0,,,,,,,,,,,,Aasu,1747697.09375,WS_86_Aasu,0,0,0.0,0.0,1702659,0.974230034535,0.0,11381.496424553176,4645.840926619611,19149.56097181026,7625.602604450629,5463.118283785525,3755.893820102549,1934.85439217404,4.35899325578,,,7625.602604450629,,,,,,,,,0.0,0.0,0.0,0.6168309382924768,0.6168309382924768,0.3529392710546623,0.141507660621994,4.0,-4.525908011504452
82,0,,,,,,,,,,,,Aasu,3561450.4375,WS_87_Aasu,24,111,0.0479084347196,170623.515792,3293115,0.924655574405,0.0,28601.910043761935,11173.974956360908,46621.0040989113,19163.279729320493,13728.916821005727,9438.630314441438,4862.3247074395285,1.81690616481,,,19163.279729320493,,,,,,,,,0.9777940711410003,1.0460130213184529,0.08280829396248907,1.1930135249366018,3.299628911358544,0.9264845796014377,1.8160700729988426,8.551380714765383,0.025472703260930984
83,0,,,,,,,,,,,,Nuuuli Pala,11907939.625,WS_88_Nuuuli Pala,907,1203,999.0,1144818.33464,6023572,999.0,11600.668609,92271.43604130793,28743.252372384948,137932.64014404267,61821.86214767633,44290.28929982781,30449.573893631627,15686.144127022351,4.30799731429,0.9432512022381684,0.5084903082767002,50221.19353867633,,,47.37120118319218,,,,25.87645522880636,,36.95246760520364,11.336519501316204,0.5556118847303766,2.182190073662601,51.02678906491282,4.2851064644117915,11.844665941562347,9.799014418168234,1.273106406663782
84,0,,,,,,,,,,,,Fagatuitui - Vaaogeoge,752755.28125,WS_93_Fagatuitui - Vaaogeoge,0,0,0.0,0.0,703730,0.934872218806,0.0,3209.85020633036,2018.792000320666,6412.323906321907,2150.5996382413414,1540.7280990385727,1059.2505680890188,545.6745350761612,4.56593490337,,,2150.5996382413414,,,,,,,,,0.0,0.0,0.0,0.2549438473614298,0.2549438473614298,0.3386809149157727,0.05583606703925241,4.0,-4.525908011504452
85,0,,,,,,,,,,,,Fagatuitui - Vaaogeoge,1588061.34375,WS_95_Fagatuitui - Vaaogeoge,0,0,0.0,0.0,1563528,0.984551387863,0.0,9993.118514279364,5923.899349477684,18861.274575777985,6695.389404567174,4796.696886854094,3297.72910971219,1698.830147427492,1.90832532002,,,6695.389404567174,,,,,,,,,0.0,0.0,0.0,0.5664272430865838,0.5664272430865838,0.35667844023521134,0.2968190156805378,4.0,-4.525908011504452
86,0,,,,,,,,,,,,Pago Pago Harbor,865800.776562,WS_96_Pago Pago Harbor,86,22,0.0600649150154,52004.2500645,576923,0.666346133681,0.0,6414.88483104789,3258.1728222338124,11673.18586770748,4297.972836802086,3079.1447189029873,2116.911994245804,1090.5304212781414,1.39683988523,,,4297.972836802086,,,,,,,,,3.503762088255251,0.20731789611717083,0.025239095599750967,0.20900483033450065,3.9453239103066733,4.55684958608275,2.8244639575544817,8.940287150854973,0.41437913935052073
87,0,,,,,,,,,,,,Pago Pago Harbor,198174.53125,WS_97_Pago Pago Harbor,19,0,0.0434151950039,8603.78591902,85999,0.433955864346,0.0,1207.383781141053,700.1074998405154,2520.05577827983,808.9471333645056,579.5442149477054,398.4366477765476,205.25524279397902,1.00750264822,,,808.9471333645056,,,,,,,,,0.7740869729866252,0.0,0.00417565439479672,0.031155295254196354,0.8094179226356183,4.084369053531535,0.8033903673262329,8.761115536959517,0.23520752545506518
88,FAGAITUA,,,,,,,,,,,,Fagaitua,850871.71875,WS_62_Fagaitua,26,63,0.0483500928075,41139.7265688,715261,0.840621428869,265.654790989,4360.818144103449,1285.1634540181794,7496.576844438324,2921.748156549312,2093.192709169656,1439.0699875541384,741.3390844975867,0.571739709254,0.34149810460084873,0.17613683729899202,2656.093365560312,,,0.9070508499817358,,,,0.4732653703748633,,1.0592769104027504,0.5936830661537165,0.019966242961483638,0.2591212413959667,1.932047460913917,2.270668325599366,3.3792430884935953,9.772813798491839,1.2469057869873872
89,PAGO,,,,,,,,,,,,Pago Pago Harbor,3420638.46875,WS_81_Pago Pago Harbor,305,227,0.0911149983213,311671.468338,2196471,0.642123106568,4660.76367353,27993.90368112565,12821.544203154785,47712.863077097245,18755.915466354185,13437.073766940313,9237.988214771463,4758.963625791361,0.520440587506,,,14095.151792824185,,,,,,,,,12.42613298741688,2.139143746299899,0.1512627520893214,0.7957267238256249,15.512266209631726,4.534903747165176,29.806027012550956,9.345257119184948,0.8193491076804964
90,NUUULI,,,,,,,,,,,,Nuuuli Pala,2331562.53125,WS_84_Nuuuli Pala,59,195,0.0254642433144,59371.4755984,1999346,0.857513351327,0.0,19755.779018326302,9008.67713140807,33294.340926753815,13236.371942278623,9482.773928796629,6519.407076047682,3358.4824331154723,0.770926155538,,,13236.371942278623,,,,,,,,,2.403743758221626,1.8375904428567413,0.028814613164650137,0.7243132471923681,4.994462061435386,2.1421094199681403,6.478522003122259,10.062587801160468,1.5366797896560165
91,Tafeu_No_name,,,,,,,,,,,,Fagatuitui - Vaaogeoge,922689.25,WS_94_Fagatuitui - Vaaogeoge,0,0,0.0,0.0,915847,0.992584448123,0.0,6557.152694884077,3556.7167636185054,11349.005326080263,4393.292305572331,3147.433293544357,2163.860389311745,1114.715958130293,1.22191384586,,,4393.292305572331,,,,,,,,,0.0,0.0,0.0,0.3317885521072334,0.3317885521072334,0.35958861784423457,0.27153187045991445,4.0,-4.525908011504452
92,Leone_Maloata,,,,,,,,,,,,Leone,9935617.92188,WS_98_Leone_Maloata,947,1580,9999.0,2083102.45423,3782448,999.0,10741.237744,67723.40064254755,11728.6691998481,100980.636589044,67723.40064254757,32507.232308422823,0.0,11512.978109233083,6.19363526874,1.4999336617200767,1.7246995168461658,56982.16289854757,,,85.46946424914836,,,,98.39798889437557,,38.582124390438636,14.889194357505904,1.01098702358323,1.3702866803526144,55.85259245188038,5.621451316971744,9.01773999088628,10.047322113542252,1.5214141020378005
